数据由邢不行整理，对数据字段有疑问的，可以直接微信私信邢不行，微信号：xbx6064,,,,,,,,,,,
股票代码,股票名称,tradeDate,开盘价,最高价,最低价,收盘价,前收盘价,成交量,成交额,流通市值,总市值
bj430017,N星昊,2023/5/31,11,11.72,10.79,10.89,12.3,15346788,173989556,736656663.6,1334865708
bj430017,星昊医药,2023/6/1,10.51,10.51,10.09,10.23,10.89,5461477,56047364,692010805.2,1253964756
bj430017,星昊医药,2023/6/2,10.13,10.7,10.12,10.35,10.23,2739099,28534170,652621734,1268674020
bj430017,星昊医药,2023/6/5,10.44,10.48,10.15,10.22,10.35,1490459,15270191,644424552.8,1252738984
bj430017,星昊医药,2023/6/6,10.19,10.29,10.12,10.17,10.22,1100327,11186598,641271790.8,1246610124
bj430017,星昊医药,2023/6/7,10.12,10.18,10.06,10.09,10.17,1111810,11228938,636227371.6,1236803948
bj430017,星昊医药,2023/6/8,10.09,10.12,10.06,10.07,10.09,595365,6004709,634966266.8,1234352404
bj430017,星昊医药,2023/6/9,10.08,10.1,9.91,9.96,10.07,954970,9542824,628030190.4,1220868912
bj430017,星昊医药,2023/6/12,9.98,9.99,9.93,9.97,9.96,410813,4090069,628660742.8,1222094684
bj430017,星昊医药,2023/6/13,9.95,10.05,9.94,9.99,9.97,452741,4519303,629921847.6,1224546228
bj430017,星昊医药,2023/6/14,10.05,10.09,9.99,9.99,9.99,555932,5568403,629921847.6,1224546228
bj430017,星昊医药,2023/6/15,10,10.03,9.98,10,9.99,584184,5841320,630552400,1225772000
bj430017,星昊医药,2023/6/16,10.08,10.37,10.01,10.26,10,1410887,14406441,646946762.4,1257642072
bj430017,星昊医药,2023/6/19,10.26,10.26,10,10.07,10.26,875392,8834277,634966266.8,1234352404
bj430017,星昊医药,2023/6/20,10.09,10.31,10.03,10.22,10.07,781560,7966990,644424552.8,1252738984
bj430017,星昊医药,2023/6/21,10.16,10.27,10.05,10.17,10.22,835734,8469889,641271790.8,1246610124
bj430017,星昊医药,2023/6/26,10.08,10.2,10,10.02,10.17,598763,6017959,631813504.8,1228223544
bj430017,星昊医药,2023/6/27,10.09,10.09,10.01,10.04,10.02,268817,2700599,633074609.6,1230675088
bj430017,星昊医药,2023/6/28,10.08,10.08,9.95,9.98,10.04,341301,3408710,629291295.2,1223320456
bj430017,星昊医药,2023/6/29,9.98,10.03,9.95,9.99,9.98,459673,4589595,629921847.6,1224546228
bj430017,星昊医药,2023/6/30,10.03,10.06,9.95,9.99,9.99,633081,6329214,629921847.6,1224546228
bj430017,星昊医药,2023/7/3,10.03,10.03,9.95,10.02,9.99,645173,6440553,631813504.8,1228223544
bj430017,星昊医药,2023/7/4,10,10.17,9.99,10.13,10.02,530272,5352656,638749581.2,1241707036
bj430017,星昊医药,2023/7/5,10.09,10.2,10.09,10.14,10.13,518929,5265469,639380133.6,1242932808
bj430017,星昊医药,2023/7/6,10.17,10.18,10.07,10.1,10.14,241904,2445776,636857924,1238029720
bj430017,星昊医药,2023/7/7,10.18,10.18,10.08,10.11,10.1,232171,2346695,637488476.4,1239255492
bj430017,星昊医药,2023/7/10,10.15,10.15,10.1,10.11,10.11,130223,1316939,637488476.4,1239255492
bj430017,星昊医药,2023/7/11,10.1,10.1,10.04,10.05,10.11,345770,3477736,633705162,1231900860
bj430017,星昊医药,2023/7/12,10.06,10.08,10,10.03,10.05,253618,2545013,632444057.2,1229449316
bj430017,星昊医药,2023/7/13,10.03,10.1,10.01,10.08,10.03,288813,2912598,635596819.2,1235578176
bj430017,星昊医药,2023/7/14,10.06,10.08,10.02,10.08,10.08,149061,1499160,635596819.2,1235578176
bj430017,星昊医药,2023/7/17,10.13,10.13,10.04,10.05,10.08,195949,1971315,633705162,1231900860
bj430017,星昊医药,2023/7/18,10.05,10.1,10.02,10.06,10.05,212907,2141402,634335714.4,1233126632
bj430017,星昊医药,2023/7/19,10.07,10.08,10.02,10.05,10.06,817265,8210790,633705162,1231900860
bj430017,星昊医药,2023/7/20,10.05,10.09,10.03,10.04,10.05,263250,2646530,633074609.6,1230675088
bj430017,星昊医药,2023/7/21,10.05,10.08,10.03,10.05,10.04,646828,6479218,633705162,1231900860
bj430017,星昊医药,2023/7/24,10.06,10.07,10.02,10.04,10.05,464903,4672589,633074609.6,1230675088
bj430017,星昊医药,2023/7/25,10.07,10.08,10.04,10.07,10.04,284270,2857846,634966266.8,1234352404
bj430017,星昊医药,2023/7/26,10.08,10.13,10.05,10.08,10.07,211272,2131665,635596819.2,1235578176
bj430017,星昊医药,2023/7/27,10.13,10.14,10.06,10.07,10.08,204077,2056641,634966266.8,1234352404
bj430017,星昊医药,2023/7/28,10.05,10.09,10.04,10.08,10.07,217009,2184311,635596819.2,1235578176
bj430017,星昊医药,2023/7/31,10.12,10.13,10.06,10.09,10.08,806928,8142446,636227371.6,1236803948
bj430017,星昊医药,2023/8/1,10.09,10.13,10.06,10.1,10.09,707493,7125204,636857924,1238029720
bj430017,星昊医药,2023/8/2,10.08,10.12,10.05,10.05,10.1,441128,4455273,633705162,1231900860
bj430017,星昊医药,2023/8/3,10.05,10.1,10.03,10.07,10.05,305230,3070175,634966266.8,1234352404
bj430017,星昊医药,2023/8/4,10.06,10.1,10.03,10.08,10.07,358613,3602923,635596819.2,1235578176
bj430017,星昊医药,2023/8/7,10.08,10.08,9.98,10.02,10.08,474065,4746858,631813504.8,1228223544
bj430017,星昊医药,2023/8/8,10,10.02,9.96,9.99,10.02,219400,2191539,629921847.6,1224546228
bj430017,星昊医药,2023/8/9,9.99,10.29,9.95,10.2,9.99,1631819,16589949,643163448,1250287440
bj430017,星昊医药,2023/8/10,10.13,10.18,10,10.08,10.2,825177,8288231,635596819.2,1235578176
bj430017,星昊医药,2023/8/11,10.08,10.39,10.04,10.31,10.08,2147592,22051334,650099524.4,1263770932
bj430017,星昊医药,2023/8/14,10.3,10.64,10.19,10.26,10.31,1777444,18477146,646946762.4,1257642072
bj430017,星昊医药,2023/8/15,10.3,10.31,10.12,10.18,10.26,833953,8494298,641902343.2,1247835896
bj430017,星昊医药,2023/8/16,10.12,10.36,10.08,10.1,10.18,922719,9387480,636857924,1238029720
bj430017,星昊医药,2023/8/17,10.09,10.15,10,10.06,10.1,931232,9347250,634335714.4,1233126632
bj430017,星昊医药,2023/8/18,10.11,10.11,10.01,10.02,10.06,293670,2947109,631813504.8,1228223544
bj430017,星昊医药,2023/8/21,10.02,10.04,9.97,9.99,10.02,253153,2530090,629921847.6,1224546228
bj430017,星昊医药,2023/8/22,10.16,10.22,10,10.12,9.99,795015,8023026,638119028.8,1240481264
bj430017,星昊医药,2023/8/23,10.15,10.16,10.05,10.06,10.12,245720,2478613,634335714.4,1233126632
bj430017,星昊医药,2023/8/24,10.1,10.1,10,10.04,10.06,295339,2962011,633074609.6,1230675088
bj430017,星昊医药,2023/8/25,10.07,10.07,9.99,10.03,10.04,298435,2989009,632444057.2,1229449316
bj430017,星昊医药,2023/8/28,10.3,10.39,10.07,10.08,10.03,589322,6013719,635596819.2,1235578176
bj430017,星昊医药,2023/8/29,10.09,10.21,10.08,10.19,10.08,623773,6335075,642532895.6,1249061668
bj430017,星昊医药,2023/8/30,10.2,10.2,10.15,10.19,10.19,300353,3056900,642532895.6,1249061668
bj430017,星昊医药,2023/8/31,10.16,10.21,10.13,10.2,10.19,274187,2789868,643163448,1250287440
bj430017,星昊医药,2023/9/1,10.21,10.32,10.19,10.29,10.2,625859,6423355,648838419.6,1261319388
bj430017,星昊医药,2023/9/4,10.5,10.66,10.48,10.59,10.29,2605288,27535020,667754991.6,1298092548
bj430017,星昊医药,2023/9/5,10.58,10.59,10.34,10.41,10.59,891034,9322099,656405048.4,1276028652
bj430017,星昊医药,2023/9/6,10.46,10.46,10.33,10.39,10.41,405742,4213844,655143943.6,1273577108
bj430017,星昊医药,2023/9/7,10.36,10.37,10.23,10.25,10.39,618756,6372463,646316210,1256416300
bj430017,星昊医药,2023/9/8,10.25,10.48,10.21,10.39,10.25,395041,4084357,655143943.6,1273577108
bj430017,星昊医药,2023/9/11,10.4,10.54,10.36,10.49,10.39,691483,7247820,661449467.6,1285834828
bj430017,星昊医药,2023/9/12,10.44,10.55,10.44,10.5,10.49,642203,6752042,662080020,1287060600
bj430017,星昊医药,2023/9/13,10.45,10.49,10.27,10.34,10.5,532290,5513945,651991181.6,1267448248
bj430017,星昊医药,2023/9/14,10.3,10.44,10.3,10.36,10.34,258201,2670085,653252286.4,1269899792
bj430017,星昊医药,2023/9/15,10.32,10.4,10.3,10.32,10.36,366141,3783028,650730076.8,1264996704
bj430017,星昊医药,2023/9/18,10.35,10.53,10.33,10.49,10.32,484687,5067797,661449467.6,1285834828
bj430017,星昊医药,2023/9/19,10.53,10.88,10.53,10.71,10.49,1448833,15529894,675321620.4,1312801812
bj430017,星昊医药,2023/9/20,10.76,10.84,10.6,10.61,10.71,817177,8731880,669016096.4,1300544092
bj430017,星昊医药,2023/9/21,10.55,10.75,10.55,10.73,10.61,682651,7269111,676582725.2,1315253356
bj430017,星昊医药,2023/9/22,10.62,10.93,10.62,10.84,10.73,1037905,11256456,683518801.6,1328736848
bj430017,星昊医药,2023/9/25,10.8,10.84,10.72,10.78,10.84,430578,4635622,679735487.2,1321382216
bj430017,星昊医药,2023/9/26,10.9,10.9,10.57,10.58,10.78,454903,4848076,667124439.2,1296866776
bj430017,星昊医药,2023/9/27,10.6,10.82,10.6,10.63,10.58,288921,3090495,670277201.2,1302995636
bj430017,星昊医药,2023/9/28,10.66,10.76,10.62,10.72,10.63,243442,2607671,675952172.8,1314027584
bj430017,星昊医药,2023/10/9,10.75,10.88,10.72,10.81,10.72,716432,7758816,681627144.4,1325059532
bj430017,星昊医药,2023/10/10,10.79,10.87,10.57,10.61,10.81,704666,7558817,669016096.4,1300544092
bj430017,星昊医药,2023/10/11,10.79,10.79,10.54,10.71,10.61,452646,4847690,675321620.4,1312801812
bj430017,星昊医药,2023/10/12,10.84,10.87,10.71,10.81,10.71,600512,6483558,681627144.4,1325059532
bj430017,星昊医药,2023/10/13,10.71,10.81,10.65,10.71,10.81,320081,3436347,675321620.4,1312801812
bj430017,星昊医药,2023/10/16,10.8,10.94,10.71,10.72,10.71,603968,6525934,675952172.8,1314027584
bj430017,XD星昊医,2023/10/17,10.62,10.62,10.35,10.46,10.52,706825,7417421,659557810.4,1282157512
bj430017,星昊医药,2023/10/18,10.5,10.5,10.11,10.18,10.46,332339,3424741,641902343.2,1247835896
bj430017,星昊医药,2023/10/19,10.16,10.16,10.03,10.1,10.18,442537,4466894,636857924,1238029720
bj430017,星昊医药,2023/10/20,10.1,10.1,9.96,10.07,10.1,470651,4713741,634966266.8,1234352404
bj430017,星昊医药,2023/10/23,10.09,10.16,9.92,10,10.07,376789,3770649,630552400,1225772000
bj430017,星昊医药,2023/10/24,10,10.18,10,10.15,10,209223,2118313,640010686,1244158580
bj430017,星昊医药,2023/10/25,10.21,10.22,10.1,10.11,10.15,303894,3079226,637488476.4,1239255492
bj430017,星昊医药,2023/10/26,10.17,10.17,10.09,10.13,10.11,126821,1283616,638749581.2,1241707036
bj430017,星昊医药,2023/10/27,10.11,10.43,10.11,10.35,10.13,498056,5125891,652621734,1268674020
bj430017,星昊医药,2023/10/30,10.35,10.64,10.35,10.59,10.35,629504,6626650,667754991.6,1298092548
bj430017,星昊医药,2023/10/31,10.58,10.64,10.51,10.59,10.59,622363,6581440,667754991.6,1298092548
bj430017,星昊医药,2023/11/1,10.51,10.64,10.47,10.55,10.59,189146,1994731,665232782,1293189460
bj430017,星昊医药,2023/11/2,10.56,10.58,10.31,10.34,10.55,218249,2274276,651991181.6,1267448248
bj430017,星昊医药,2023/11/3,10.45,10.48,10.32,10.4,10.34,433340,4494725,655774496,1274802880
bj430017,星昊医药,2023/11/6,10.48,10.57,10.39,10.53,10.4,390993,4098312,663971677.2,1290737916
bj430017,星昊医药,2023/11/7,10.45,10.56,10.38,10.54,10.53,327003,3426320,664602229.6,1291963688
bj430017,星昊医药,2023/11/8,10.59,10.67,10.53,10.64,10.54,952131,10098498,670907753.6,1304221408
bj430017,星昊医药,2023/11/9,10.75,11.42,10.72,10.96,10.64,2132339,23627318,691085430.4,1343446112
bj430017,星昊医药,2023/11/10,10.9,11.29,10.89,10.95,10.96,1166536,12866573,690454878,1342220340
bj430017,星昊医药,2023/11/13,10.98,11.22,10.98,11.08,10.95,725191,8052134,698652059.2,1358155376
bj430017,星昊医药,2023/11/14,11.09,11.11,10.91,11.03,11.08,638254,7027947,695499297.2,1352026516
bj430017,星昊医药,2023/11/15,11.19,11.57,11.07,11.37,11.03,1927398,21875292,716938078.8,1393702764
bj430017,星昊医药,2023/11/16,11.33,11.33,10.93,10.97,11.37,1176004,13008987,691715982.8,1344671884
bj430017,星昊医药,2023/11/17,10.95,11.08,10.95,11.08,10.97,422158,4653533,698652059.2,1358155376
bj430017,星昊医药,2023/11/20,11.1,11.67,11.06,11.44,11.08,1505447,17219922,721351945.6,1402283168
bj430017,星昊医药,2023/11/21,11.55,12.65,11.54,11.97,11.44,5011238,60652436,754771222.8,1467249084
bj430017,星昊医药,2023/11/22,11.88,12.67,11.78,12.67,11.97,5826969,71972257,798909890.8,1553053124
bj430017,星昊医药,2023/11/23,12.9,13.67,12.31,12.65,12.67,5953857,77682717,797648786,1550601580
bj430017,星昊医药,2023/11/24,12.82,16.44,12.82,16.44,12.65,16228687,248217813,1036628146,2015169168
bj430017,星昊医药,2023/11/27,17.66,20.44,15.89,18.27,16.44,23267824,415041686,1152019235,2239485444
bj430017,星昊医药,2023/11/28,16.5,18.04,15.39,16.4,18.27,13651219,227896884,1034105936,2010266080
bj430017,星昊医药,2023/11/29,16.55,17.15,14.61,14.86,16.4,10517001,167145291,937000866.4,1821497192
bj430017,星昊医药,2023/11/30,15.15,16.13,14.21,15.55,14.86,8671906,132711355,980508982,1906075460
bj430017,星昊医药,2023/12/1,15.2,15.96,14.54,14.68,15.55,6254305,94483903,925650923.2,1799433296
bj430017,星昊医药,2023/12/4,14.8,14.85,13.7,14.26,14.68,4948919,70699807,899167722.4,1747950872
bj430017,星昊医药,2023/12/5,14.15,15.8,14.02,15.41,14.26,8411380,127141645,971681248.4,1888914652
bj430017,星昊医药,2023/12/6,15.41,15.98,14.8,14.92,15.41,6172088,93890995,940784180.8,1828851824
bj430017,星昊医药,2023/12/7,14.74,15.47,14.73,15.28,14.92,5165905,78435610,963484067.2,1872979616
bj430017,星昊医药,2023/12/8,15.28,15.98,14.97,15.85,15.28,6369547,99446690,979644754,1942848620
bj430017,星昊医药,2023/12/11,16.06,16.65,15.25,15.45,15.85,5306241,84307991,954921858,1893817740
bj430017,星昊医药,2023/12/12,15.25,15.65,15.13,15.52,15.45,4171023,64200184,959248364.8,1902398144
bj430017,星昊医药,2023/12/13,15.5,17.2,15.35,16.49,15.52,11099886,182987738,1019201388,2021298028
bj430017,星昊医药,2023/12/14,16.09,16.99,15.88,16.51,16.49,9697384,160131285,1020437532,2023749572
bj430017,星昊医药,2023/12/15,16.55,16.58,15.79,16.23,16.51,5007324,81112917,1003131505,1989427956
bj430017,星昊医药,2023/12/18,16.15,16.84,16.04,16.57,16.23,6012817,99756616,1024145967,2031104204
bj430017,星昊医药,2023/12/19,16.57,16.72,15.94,16.24,16.57,4097251,66551486,1003749578,1990653728
bj430017,星昊医药,2023/12/20,16.4,17.12,16.13,16.88,16.24,6714205,112091696,1043306211,2069103136
bj430017,星昊医药,2023/12/21,16.62,16.87,13.6,14.45,16.88,8876291,138797132,893114618,1771240540
bj430017,星昊医药,2023/12/22,14.53,14.85,13.89,14.26,14.45,3950406,56566826,881371242.4,1747950872
bj430017,星昊医药,2023/12/25,14.26,15.25,14.25,15.09,14.26,4766187,70952559,1186751149,1849689948
bj430017,星昊医药,2023/12/26,15.09,15.55,14.5,15.11,15.09,4836027,73466044,1188324046,1852141492
bj430017,星昊医药,2023/12/27,15.11,15.2,14.7,15.11,15.11,3264228,48775212,1188324046,1852141492
bj430017,星昊医药,2023/12/28,15.16,15.58,14.91,15.39,15.11,4401423,67367749,1210344611,1886463108
bj430017,星昊医药,2023/12/29,15.46,15.92,15.38,15.85,15.39,4097952,64689444,1246521253,1942848620
bj430017,星昊医药,2024/1/2,16,16.45,15.85,16.36,15.85,4983337,80513451,1286630139,2005362992
bj430017,星昊医药,2024/1/3,16.36,17.28,16.2,16.63,16.36,6574810,110493809,1307864255,2038458836
bj430017,星昊医药,2024/1/4,16.51,16.63,15.81,16.39,16.63,4381145,71264139,1288989485,2009040308
bj430017,星昊医药,2024/1/5,16.44,16.7,15.44,15.79,16.39,5781430,93405484,1241802560,1935493988
bj430017,星昊医药,2024/1/8,15.56,15.87,14.5,14.5,15.79,4114069,62361344,1140350673,1777369400
bj430017,星昊医药,2024/1/9,14.57,14.76,13.59,13.92,14.5,3884003,54718780,1094736646,1706274624
bj430017,星昊医药,2024/1/10,13.9,14.4,13.74,14.25,13.92,2407890,34070596,1120689455,1746725100
bj430017,星昊医药,2024/1/11,14.66,15.29,14.37,14.57,14.25,3007677,44376065,1145855814,1785949804
bj430017,星昊医药,2024/1/12,14.3,14.48,13.59,13.59,14.57,3574196,50190738,1068783838,1665824148
bj430017,星昊医药,2024/1/15,13.55,13.73,13.03,13.06,13.59,2341375,31327365,1027102054,1600858232
bj430017,星昊医药,2024/1/16,13.25,13.8,12.58,13.78,13.06,3680130,48748408,1083726364,1689113816
bj430017,星昊医药,2024/1/17,13.65,14.05,13.5,13.53,13.78,3077243,42255253,1064065145,1658469516
bj430017,星昊医药,2024/1/18,13.53,13.83,13.12,13.77,13.53,2918225,39384857,1082939915,1687888044
bj430017,星昊医药,2024/1/19,13.85,14.46,13.71,14.25,13.77,3851781,54341457,1120689455,1746725100
bj430017,星昊医药,2024/1/22,14.17,14.26,13.18,13.39,14.25,2830389,39135299,1053054863,1641308708
bj430017,星昊医药,2024/1/23,13.39,13.64,13.2,13.45,13.39,1463154,19663979,1057773555,1648663340
bj430017,星昊医药,2024/1/24,13.56,13.61,12.93,13.31,13.45,2133235,28219153,1046763273,1631502532
bj430017,星昊医药,2024/1/25,13.46,13.78,13.27,13.48,13.31,2211849,29945999,1060132902,1652340656
bj430017,星昊医药,2024/1/26,13.3,13.74,13.2,13.34,13.48,1958113,26367182,1049122619,1635179848
bj430017,星昊医药,2024/1/29,13.29,13.34,12.34,12.34,13.34,2197156,27946556,970477745.2,1512602648
bj430017,星昊医药,2024/1/30,12.32,12.57,12.1,12.26,12.34,1358150,16733859,964186155.2,1502796472
bj430017,星昊医药,2024/1/31,12.16,12.54,12.16,12.25,12.26,1221431,15099559,963399706.5,1501570700
bj430017,星昊医药,2024/2/1,12.39,12.39,11.75,11.75,12.25,1321482,15932505,924077269.5,1440282100
bj430017,星昊医药,2024/2/2,11.8,11.99,10.52,11.15,11.75,2218026,24924257,876890345.1,1366735780
bj430017,星昊医药,2024/2/5,11.22,11.22,10.25,10.88,11.15,2029489,21832106,855656229.1,1333639936
bj430017,星昊医药,2024/2/6,10.9,12.89,10.66,12.71,10.88,3799412,45813565,999576348.5,1557956212
bj430017,星昊医药,2024/2/7,12.9,13.5,12.15,12.37,12.71,3142758,40624080,972837091.4,1516279964
bj430017,星昊医药,2024/2/8,12.37,12.85,11.78,12.43,12.37,2131177,26280206,977555783.8,1523634596
bj430017,星昊医药,2024/2/19,12.5,12.8,12.4,12.75,12.43,1389748,17560630,1002722144,1562859300
bj430017,星昊医药,2024/2/20,12.81,14.37,12.56,13.39,12.75,3546158,48537030,1053054863,1641308708
bj430017,星昊医药,2024/2/21,13,13.73,12.92,13.36,13.39,3202036,42692369,1050695517,1637631392
bj430017,星昊医药,2024/2/22,13.31,13.69,13.05,13.4,13.36,2054808,27395502,1053841312,1642534480
bj430017,星昊医药,2024/2/23,13.48,13.5,12.93,13.11,13.4,2016630,26506029,1031034298,1606987092
bj430017,星昊医药,2024/2/26,13.04,13.2,12.94,13.05,13.11,1012854,13208895,1026315606,1599632460
bj430017,星昊医药,2024/2/27,13.18,13.65,13.06,13.52,13.05,2920990,39241170,1063278696,1657243744
bj430017,星昊医药,2024/2/28,13.9,14.22,13.03,13.13,13.52,3302579,45327610,1032607196,1609438636
bj430017,星昊医药,2024/2/29,13.3,13.68,13.1,13.63,13.13,2238389,30079038,1071929633,1670727236
bj430017,星昊医药,2024/3/1,13.75,13.76,13.45,13.65,13.63,1382598,18780631,1073502530,1673178780
bj430017,星昊医药,2024/3/4,13.64,14.14,13.36,13.84,13.65,2590906,35728338,1088445056,1696468448
bj430017,星昊医药,2024/3/5,13.65,13.68,13.01,13.1,13.84,2098217,27838551,1030247849,1605761320
bj430017,星昊医药,2024/3/6,12.95,13.24,12.89,13.11,13.1,1445571,18887428,1031034298,1606987092
bj430017,星昊医药,2024/3/7,13.15,13.15,12.75,12.79,13.11,1101399,14235612,1005867938,1567762388
bj430017,星昊医药,2024/3/8,12.89,13.04,12.7,12.82,12.79,716000,9217234,1008227285,1571439704
bj430017,星昊医药,2024/3/11,12.71,12.9,12.66,12.82,12.82,1087807,13902056,1008227285,1571439704
bj430017,星昊医药,2024/3/12,12.82,13.56,12.8,13.09,12.82,1954794,25801352,1029461401,1604535548
bj430017,星昊医药,2024/3/13,13.02,13.02,12.67,12.67,13.09,1769746,22587905,996430553.6,1553053124
bj430017,星昊医药,2024/3/14,13.2,13.9,12.75,12.85,12.67,3165549,42027435,1010586631,1575117020
bj430017,星昊医药,2024/3/15,12.65,13.25,12.41,13.06,12.85,2907879,37476954,1027102054,1600858232
bj430017,星昊医药,2024/3/18,13.1,13.2,12.93,13.1,13.06,1534243,20020618,1030247849,1605761320
bj430017,星昊医药,2024/3/19,13.09,13.13,12.82,12.9,13.1,1250748,16230055,1014518875,1581245880
bj430017,星昊医药,2024/3/20,12.85,13.05,12.85,13,12.9,751011,9746228,1022383362,1593503600
bj430017,星昊医药,2024/3/21,13,13.03,12.67,12.74,13,1471557,18829010,1001935695,1561633528
bj430017,星昊医药,2024/3/22,12.69,12.89,12.59,12.62,12.74,1107556,14043985,992498309.9,1546924264
bj430017,星昊医药,2024/3/25,12.58,12.68,12.26,12.26,12.62,895309,11144474,964186155.2,1502796472
bj430017,星昊医药,2024/3/26,12.28,12.39,11.96,12.11,12.26,816943,9909112,952389424.1,1484409892
bj430017,星昊医药,2024/3/27,12.11,12.45,12.11,12.12,12.11,789773,9712111,953175872.9,1485635664
bj430017,星昊医药,2024/3/28,12.03,12.35,12.03,12.23,12.12,654890,7972191,961826809,1499119156
bj430017,星昊医药,2024/3/29,12.18,12.25,12.11,12.19,12.23,498816,6079433,958681014.1,1494216068
bj430017,星昊医药,2024/4/1,12.15,12.39,12.15,12.29,12.19,570961,7006999,966545501.5,1506473788
bj430017,星昊医药,2024/4/2,12.21,12.64,12.21,12.46,12.29,1191253,14902727,979915130,1527311912
bj430017,星昊医药,2024/4/3,12.5,12.55,12.35,12.49,12.46,512257,6362752,982274476.3,1530989228
bj430017,星昊医药,2024/4/8,12.45,12.45,12.03,12.08,12.49,784444,9571598,950030077.9,1480732576
bj430017,星昊医药,2024/4/9,12.06,12.24,12.04,12.17,12.08,418824,5085249,957108116.6,1491764524
bj430017,星昊医药,2024/4/10,12.14,12.61,12,12.16,12.17,1546128,19058168,956321667.8,1490538752
bj430017,星昊医药,2024/4/11,12,12.01,11.62,11.66,12.16,1857989,21921821,916999230.8,1429250152
bj430017,星昊医药,2024/4/12,11.68,11.72,11.37,11.41,11.66,680916,7838360,897338012.3,1398605852
bj430017,星昊医药,2024/4/15,11.44,11.53,11.03,11.06,11.41,1113644,12461386,869812306.4,1355703832
bj430017,星昊医药,2024/4/16,11.11,11.13,10.47,10.54,11.06,1384442,14737161,828916972,1291963688
bj430017,星昊医药,2024/4/17,10.74,11.07,10.61,11.03,10.54,1353378,14768505,867452960.2,1352026516
bj430017,星昊医药,2024/4/18,11.06,11.19,10.84,11.06,11.03,927763,10267422,869812306.4,1355703832
bj430017,星昊医药,2024/4/19,10.98,11.1,10.87,10.98,11.06,543917,5968064,863520716.5,1345897656
bj430017,星昊医药,2024/4/22,10.98,11.4,10.95,11.33,10.98,1061936,11992246,891046422.4,1388799676
bj430017,星昊医药,2024/4/23,11.17,11.39,11.13,11.33,11.33,674289,7603882,891046422.4,1388799676
bj430017,星昊医药,2024/4/24,11.33,11.33,11.11,11.24,11.33,889047,9978557,883968383.8,1377767728
bj430017,星昊医药,2024/4/25,11.23,11.32,11.16,11.19,11.24,558762,6284708,880036140.1,1371638868
bj430017,星昊医药,2024/4/26,11.17,11.32,11.1,11.3,11.19,745229,8371928,888687076.2,1385122360
bj430017,星昊医药,2024/4/29,11.45,11.67,11.37,11.58,11.3,1082817,12483267,910707640.9,1419443976
bj430017,星昊医药,2024/4/30,11.49,12.1,11.48,11.84,11.58,1514893,18010765,931155308.2,1451314048
bj430017,星昊医药,2024/5/6,11.95,12.24,11.84,12.08,11.84,1136508,13668080,950030077.9,1480732576
bj430017,星昊医药,2024/5/7,12.1,12.14,11.86,11.89,12.08,880108,10515952,935087551.9,1457442908
bj430017,星昊医药,2024/5/8,11.84,12.15,11.84,12.08,11.89,1292219,15528990,950030077.9,1480732576
bj430017,星昊医药,2024/5/9,12.12,12.13,11.95,12.06,12.08,833502,10026833,948457180.4,1478281032
bj430017,星昊医药,2024/5/10,12.04,12.06,11.75,11.91,12.06,650657,7721813,936660449.3,1459894452
bj430017,星昊医药,2024/5/13,11.8,12.09,11.59,11.59,11.91,1231365,14565069,911494089.7,1420669748
bj430017,星昊医药,2024/5/14,11.59,11.72,11.47,11.52,11.59,1017366,11767458,905988948.5,1412089344
bj430017,星昊医药,2024/5/15,11.55,11.63,11.47,11.48,11.52,771732,8899657,902843153.5,1407186256
bj430017,星昊医药,2024/5/16,11.51,11.65,11.42,11.51,11.48,547684,6308895,905202499.7,1410863572
bj430017,星昊医药,2024/5/17,11.49,11.58,11.46,11.53,11.51,358688,4131363,906775397.2,1413315116
bj430017,星昊医药,2024/5/20,11.58,11.58,11.42,11.43,11.53,657877,7557508,898910909.8,1401057396
bj430017,星昊医药,2024/5/21,11.38,11.46,11.15,11.16,11.43,745241,8375300,877676793.8,1367961552
bj430017,星昊医药,2024/5/22,11.25,11.39,11.12,11.25,11.16,386748,4353876,884754832.5,1378993500
bj430017,星昊医药,2024/5/23,11.29,11.76,11.15,11.6,11.25,1979243,22899414,912280538.4,1421895520
bj430017,星昊医药,2024/5/24,11.65,11.66,11.42,11.44,11.6,640506,7385810,899697358.6,1402283168
bj430017,星昊医药,2024/5/27,11.51,11.51,11.39,11.46,11.44,384219,4390959,901270256,1404734712
bj430017,星昊医药,2024/5/28,11.6,11.69,11.35,11.35,11.46,578029,6643197,892619319.9,1391251220
bj430017,星昊医药,2024/5/29,11.33,11.45,11.28,11.34,11.35,479061,5435691,891832871.2,1390025448
bj430017,星昊医药,2024/5/30,11.28,11.39,11.26,11.31,11.34,272523,3077231,889473524.9,1386348132
bj430017,星昊医药,2024/5/31,11.39,11.39,11.2,11.27,11.31,283275,3188043,886327730,1381445044
bj430017,星昊医药,2024/6/3,11.28,11.28,10.8,10.84,11.27,961803,10550250,852510434.2,1328736848
bj430017,星昊医药,2024/6/4,10.84,10.97,10.65,10.77,10.84,785532,8452521,847005293,1320156444
bj430017,星昊医药,2024/6/5,10.79,10.79,10.6,10.6,10.77,486202,5206710,833635664.4,1299318320
bj430017,星昊医药,2024/6/6,10.69,10.69,10.44,10.52,10.6,892294,9393572,827344074.5,1289512144
bj430017,星昊医药,2024/6/7,10.58,10.78,10.58,10.69,10.52,683952,7300957,840713703.1,1310350268
bj430017,星昊医药,2024/6/11,10.76,10.87,10.54,10.73,10.69,319031,3435808,843859498,1315253356
bj430017,星昊医药,2024/6/12,10.83,10.88,10.66,10.8,10.73,382384,4130056,849364639.2,1323833760
bj430017,星昊医药,2024/6/13,10.77,10.84,10.71,10.8,10.8,292013,3148988,849364639.2,1323833760
bj430017,星昊医药,2024/6/14,10.82,10.82,10.77,10.8,10.8,255072,2753258,849364639.2,1323833760
bj430017,星昊医药,2024/6/17,10.74,10.79,10.63,10.69,10.8,321675,3441284,840713703.1,1310350268
bj430017,星昊医药,2024/6/18,10.69,10.78,10.63,10.73,10.69,332002,3551210,843859498,1315253356
bj430017,星昊医药,2024/6/19,10.73,11.07,10.7,10.88,10.73,620719,6760343,855656229.1,1333639936
bj430017,星昊医药,2024/6/20,10.85,10.9,10.67,10.67,10.88,448539,4828597,839140805.6,1307898724
bj430017,星昊医药,2024/6/21,10.68,11.13,10.68,11.04,10.67,921945,10129021,868239409,1353252288
bj430017,星昊医药,2024/6/24,11.07,11.07,10.65,10.7,11.04,696223,7498163,841500151.8,1311576040
bj430017,星昊医药,2024/6/25,10.63,10.85,10.63,10.78,10.7,369110,3968360,847791741.7,1321382216
bj430017,XD星昊医,2024/6/26,10.63,10.78,10.52,10.75,10.53,332411,3538836,845432395.5,1317704900
bj430017,星昊医药,2024/6/27,10.73,10.74,10.59,10.63,10.75,265436,2828466,835995010.6,1302995636
bj430017,星昊医药,2024/6/28,10.62,10.75,10.62,10.69,10.63,180711,1932627,840713703.1,1310350268
bj430017,星昊医药,2024/7/1,10.79,10.98,10.68,10.84,10.69,317159,3429668,852510434.2,1328736848
bj430017,星昊医药,2024/7/2,10.71,10.86,10.71,10.79,10.84,249688,2692884,848578190.5,1322607988
bj430017,星昊医药,2024/7/3,10.86,10.86,10.72,10.72,10.79,161144,1733372,843073049.3,1314027584
bj430017,星昊医药,2024/7/4,10.75,10.86,10.52,10.55,10.72,394790,4228266,829703420.7,1293189460
bj430017,星昊医药,2024/7/5,10.52,10.78,10.4,10.72,10.55,318845,3374833,843073049.3,1314027584
bj430017,星昊医药,2024/7/8,10.85,10.85,10.46,10.46,10.72,375089,3985002,822625382,1282157512
bj430017,星昊医药,2024/7/9,10.66,10.69,10.35,10.62,10.46,296144,3107390,835208561.9,1301769864
bj430017,星昊医药,2024/7/10,10.55,10.73,10.55,10.59,10.62,201853,2150707,832849215.7,1298092548
bj430017,星昊医药,2024/7/11,10.77,10.86,10.65,10.82,10.59,455069,4893528,850937536.7,1326285304
bj430017,星昊医药,2024/7/12,10.79,10.81,10.64,10.7,10.82,382184,4102389,841500151.8,1311576040
bj430017,星昊医药,2024/7/15,10.7,10.73,10.56,10.57,10.7,337628,3578622,831276318.2,1295641004
bj430017,星昊医药,2024/7/16,10.56,10.88,10.55,10.83,10.57,693135,7456658,851723985.4,1327511076
bj430017,星昊医药,2024/7/17,10.82,11.75,10.78,11.6,10.83,3638313,41654985,912280538.4,1421895520
bj430017,星昊医药,2024/7/18,11.45,11.65,11.18,11.22,11.6,2140306,24335185,882395486.3,1375316184
bj430017,星昊医药,2024/7/19,11.2,11.37,11.1,11.21,11.22,962102,10819002,881609037.5,1374090412
bj430017,星昊医药,2024/7/22,11.31,11.38,11.01,11.09,11.21,801945,8909682,872171652.7,1359381148
bj430017,星昊医药,2024/7/23,11.1,11.15,10.8,10.82,11.09,579358,6347742,850937536.7,1326285304
bj430017,星昊医药,2024/7/24,10.83,10.87,10.61,10.64,10.82,511042,5462188,836781459.4,1304221408
bj430017,星昊医药,2024/7/25,10.58,10.83,10.58,10.63,10.64,387872,4146497,835995010.6,1302995636
bj430017,星昊医药,2024/7/26,10.61,10.76,10.6,10.7,10.63,305827,3262490,841500151.8,1311576040
bj430017,星昊医药,2024/7/29,10.69,10.79,10.61,10.64,10.7,316527,3374919,836781459.4,1304221408
bj430017,星昊医药,2024/7/30,10.65,10.84,10.65,10.72,10.64,297540,3203166,843073049.3,1314027584
bj430017,星昊医药,2024/7/31,10.67,11.03,10.67,10.99,10.72,757844,8281495,864307165.3,1347123428
bj430017,星昊医药,2024/8/1,11,11.22,10.86,10.88,10.99,535188,5897636,855656229.1,1333639936
bj430017,星昊医药,2024/8/2,10.81,11.32,10.81,11.06,10.88,1325946,14768714,869812306.4,1355703832
bj430017,星昊医药,2024/8/5,11,11.07,10.6,10.66,11.06,898415,9738343,838354356.8,1306672952
bj430017,星昊医药,2024/8/6,10.78,10.97,10.66,10.91,10.66,724099,7851211,858015575.3,1337317252
bj430017,星昊医药,2024/8/7,10.84,10.89,10.7,10.74,10.91,573807,6174681,844645946.8,1316479128
bj430017,星昊医药,2024/8/8,10.72,11.46,10.72,11.08,10.74,2469538,27693650,871385203.9,1358155376
bj430017,星昊医药,2024/8/9,11.08,11.2,10.89,11,11.08,1188651,13056446,865093614,1348349200
bj430017,星昊医药,2024/8/12,11.04,11.55,10.97,11.33,11,2033919,23044704,891046422.4,1388799676
bj430017,星昊医药,2024/8/13,11.32,11.32,10.96,11.07,11.33,1201701,13324994,870598755.2,1356929604
bj430017,星昊医药,2024/8/14,11.02,11.09,10.8,10.93,11.07,642196,7033487,859588472.8,1339768796
bj430017,星昊医药,2024/8/15,11.03,11.21,10.92,11.05,10.93,647313,7162694,869025857.7,1354478060
bj430017,星昊医药,2024/8/16,11.07,11.09,10.86,10.88,11.05,518970,5678536,855656229.1,1333639936
bj430017,星昊医药,2024/8/19,10.82,10.92,10.78,10.86,10.88,542543,5885735,854083331.6,1331188392
bj430017,星昊医药,2024/8/20,10.81,10.96,10.77,10.8,10.86,577539,6274217,849364639.2,1323833760
bj430017,星昊医药,2024/8/21,10.75,10.82,10.65,10.66,10.8,445711,4776046,838354356.8,1306672952
bj430017,星昊医药,2024/8/22,10.63,10.74,10.51,10.53,10.66,506188,5362832,828130523.2,1290737916
bj430017,星昊医药,2024/8/23,10.6,10.6,10.45,10.53,10.53,450355,4737651,828130523.2,1290737916
bj430017,星昊医药,2024/8/26,10.47,10.61,10.4,10.43,10.53,516548,5420873,820266035.8,1278480196
bj430017,星昊医药,2024/8/27,10.57,10.69,10.5,10.53,10.43,723184,7656137,828130523.2,1290737916
bj430017,星昊医药,2024/8/28,10.43,10.64,10.43,10.59,10.53,444688,4700686,832849215.7,1298092548
bj430017,星昊医药,2024/8/29,10.59,10.73,10.53,10.69,10.59,441091,4706014,840713703.1,1310350268
bj430017,星昊医药,2024/8/30,10.74,10.92,10.65,10.86,10.69,676365,7332295,854083331.6,1331188392
bj430017,星昊医药,2024/9/2,10.76,10.86,10.61,10.65,10.86,410573,4401582,837567908.1,1305447180
bj430017,星昊医药,2024/9/3,10.66,10.79,10.6,10.69,10.65,363284,3882889,840713703.1,1310350268
bj430017,星昊医药,2024/9/4,10.69,10.71,10.55,10.62,10.69,444872,4718794,835208561.9,1301769864
bj430017,星昊医药,2024/9/5,10.68,10.72,10.57,10.62,10.62,321533,3424162,835208561.9,1301769864
bj430017,星昊医药,2024/9/6,10.7,10.7,10.46,10.51,10.62,426214,4490121,826557625.7,1288286372
bj430017,星昊医药,2024/9/9,10.46,10.55,10.37,10.5,10.51,291887,3059961,825771177,1287060600
bj430017,星昊医药,2024/9/10,10.49,10.52,10.39,10.52,10.5,244414,2551503,827344074.5,1289512144
bj430017,星昊医药,2024/9/11,10.47,10.51,10.42,10.48,10.52,227681,2382730,824198279.5,1284609056
bj430017,星昊医药,2024/9/12,10.52,10.55,10.38,10.43,10.48,363098,3799837,820266035.8,1278480196
bj430017,星昊医药,2024/9/13,10.43,10.63,10.35,10.5,10.43,462971,4862016,825771177,1287060600
bj430017,星昊医药,2024/9/18,10.55,10.55,10.37,10.42,10.5,291744,3038008,819479587.1,1277254424
bj430017,星昊医药,2024/9/19,10.49,10.59,10.4,10.52,10.42,329214,3464652,827344074.5,1289512144
bj430017,星昊医药,2024/9/20,10.48,10.57,10.48,10.53,10.52,330502,3476627,828130523.2,1290737916
bj430017,星昊医药,2024/9/23,10.59,10.68,10.52,10.54,10.53,272606,2884478,828916972,1291963688
bj430017,星昊医药,2024/9/24,10.58,10.77,10.49,10.74,10.54,791798,8438819,844645946.8,1316479128
bj430017,星昊医药,2024/9/25,10.96,11,10.81,10.83,10.74,1207994,13169851,851723985.4,1327511076
bj430017,星昊医药,2024/9/26,10.84,11.07,10.79,11.02,10.83,978969,10709119,866666511.5,1350800744
bj430017,星昊医药,2024/9/27,11.23,11.98,11.13,11.71,11.02,2817589,32618707,920931474.5,1435379012
bj430017,星昊医药,2024/9/30,12.5,13.8,12.09,13.66,11.71,8214089,107253362,1074288979,1674404552
bj430017,星昊医药,2024/10/8,16.8,17.2,14.35,15.98,13.66,10446578,163610297,1256745087,1958783656
bj430017,星昊医药,2024/10/9,14.93,15.11,13.4,13.48,15.98,5829896,83477488,1060132902,1652340656
bj430017,星昊医药,2024/10/10,13.52,14.25,13.4,13.48,13.48,3523336,48491189,1060132902,1652340656
bj430017,星昊医药,2024/10/11,13.51,13.51,12.41,12.53,13.48,2628766,33758281,985420271.2,1535892316
bj430017,星昊医药,2024/10/14,12.6,13.12,12.5,12.99,12.53,2060816,26420682,1576066308,1592277828
bj430017,星昊医药,2024/10/15,12.87,13.3,12.57,12.58,12.99,2622775,34056129,1526321336,1542021176
bj430017,星昊医药,2024/10/16,12.45,13.18,12.36,12.82,12.58,2387793,30627456,1555440344,1571439704
bj430017,星昊医药,2024/10/17,12.94,13.96,12.92,13.27,12.82,4435979,59268486,1610038484,1626599444
bj430017,星昊医药,2024/10/18,13.16,14.08,13.15,13.8,13.27,5359955,73817299,1674342960,1691565360
bj430017,星昊医药,2024/10/21,14.08,15.1,14.05,15.05,13.8,8280227,121627474,1826004460,1844786860
bj430017,星昊医药,2024/10/22,15.23,16.5,14.29,15.27,15.05,9556175,147639322,1852696884,1871753844
bj430017,星昊医药,2024/10/23,14.55,15.72,14.55,15.43,15.27,6312592,95918966,1872109556,1891366196
bj430017,星昊医药,2024/10/24,15.64,16.4,15.45,15.88,15.43,7508368,120288443,1926707696,1946525936
bj430017,星昊医药,2024/10/25,16.21,17.14,15.8,15.86,15.88,10693102,175818398,1924281112,1944074392
bj430017,星昊医药,2024/10/28,15.81,15.98,14.78,15.8,15.86,6879254,106549642,1917001360,1936719760
bj430017,星昊医药,2024/10/29,15.91,17.25,15.91,16.62,15.8,8776688,145613405,2016491304,2037233064
bj430017,星昊医药,2024/10/30,16.87,17.2,15.8,16.31,16.62,7061916,116432830,1979857852,1999234132
bj430017,星昊医药,2024/10/31,16.32,16.45,15.3,15.62,16.31,6291832,99146352,1896099304,1914655864
bj430017,星昊医药,2024/11/1,15.51,16.23,14.62,15.24,15.62,5412269,83437231,1849971408,1868076528
bj430017,星昊医药,2024/11/4,15.22,16.13,15.16,16.12,15.24,3752618,58875966,1956793904,1975944464
bj430017,星昊医药,2024/11/5,16.21,17.37,16.11,17.25,16.12,6790168,113940984,2093963700,2114456700
bj430017,星昊医药,2024/11/6,17.39,18.37,17.01,17.62,17.25,8651854,153829745,2138877704,2159810264
bj430017,星昊医药,2024/11/7,17.55,19.2,17.23,18.6,17.62,9220710,170183327,2257839120,2279935920
bj430017,星昊医药,2024/11/8,18.99,19.3,17.41,17.48,18.6,6188099,112019751,2121883216,2142649456
bj430017,星昊医药,2024/11/11,17.2,17.83,16.51,17.3,17.48,4354232,74195054,2100033160,2120585560
bj430017,星昊医药,2024/11/12,17.28,19.2,17.27,17.72,17.3,8021327,146317098,2151016624,2172067984
bj430017,星昊医药,2024/11/13,17.48,17.8,16.64,17.55,17.72,4560382,78210169,2130380460,2151229860
bj430017,星昊医药,2024/11/14,17.46,17.5,16.67,16.7,17.55,3024497,51745944,2027199640,2047039240
bj430017,星昊医药,2024/11/15,16.58,17.07,16.31,16.49,16.7,3557591,59180248,2001707908,2021298028
bj430017,星昊医药,2024/11/18,16.57,17.69,16.5,16.96,16.49,4817293,82108399,2058760832,2078909312
bj430017,星昊医药,2024/11/19,16.96,17.16,15.5,16.36,16.96,4766510,77349309,1985927312,2005362992
bj430017,星昊医药,2024/11/20,16.11,17.09,16.01,16.87,16.36,3812202,63572081,2047835804,2067877364
bj430017,星昊医药,2024/11/21,16.9,17.71,16.68,17.71,16.87,5638066,97691826,2149802732,2170842212
bj430017,星昊医药,2024/11/22,17.81,17.81,16.8,16.87,17.71,4437282,77200337,2047835804,2067877364
bj430017,星昊医药,2024/11/25,16.85,17.12,16.22,16.7,16.87,3273086,54490741,2027199640,2047039240
bj430017,星昊医药,2024/11/26,16.67,17.49,16.44,16.44,16.7,3584684,60660831,1995638448,2015169168
bj430017,星昊医药,2024/11/27,16.18,16.52,15.52,16.46,16.44,3528863,56358807,1998066232,2017620712
bj430017,星昊医药,2024/11/28,16.53,17.2,16.29,16.63,16.46,4235233,71293801,2018702396,2038458836
bj430017,星昊医药,2024/11/29,16.63,17.12,16.25,16.86,16.63,3133721,52519519,2046621912,2066651592
bj430017,星昊医药,2024/12/2,16.9,17.85,16.9,17.57,16.86,4204096,73152281,2132808244,2153681404
bj430017,星昊医药,2024/12/3,17.43,17.75,17.11,17.3,17.57,3019301,52536630,2100033160,2120585560
bj430017,星昊医药,2024/12/4,17.3,17.3,16.58,16.7,17.3,3053664,51565900,2027199640,2047039240
bj430017,星昊医药,2024/12/5,16.52,16.84,16.36,16.72,16.7,2236330,37155305,2029627424,2049490784
bj430017,星昊医药,2024/12/6,16.92,17.67,16.53,17.28,16.72,5028751,86400190,2096568576,2117719296
bj430017,星昊医药,2024/12/9,17.48,18.5,16.45,16.58,17.28,7304337,128237300,2011638136,2031932056
bj430017,星昊医药,2024/12/10,17.2,17.5,16.17,16.26,16.58,5065498,85493423,1972812792,1992715032
bj430017,星昊医药,2024/12/11,16.15,16.27,15.75,15.84,16.26,3779494,60327057,1917656928,1937045088
bj430017,星昊医药,2024/12/12,15.86,16.08,15.63,16.02,15.84,2432923,38600771,1939448484,1959056964
bj430017,星昊医药,2024/12/13,15.86,16.24,15.7,15.71,16.02,2402608,38341966,1901918582,1921147622
bj430017,星昊医药,2024/12/16,15.86,15.87,15.28,15.35,15.71,1922319,29838001,1858335470,1877123870
bj430017,星昊医药,2024/12/17,15.4,15.49,14.72,14.8,15.35,2260080,34002456,1791750160,1809865360
bj430017,星昊医药,2024/12/18,14.78,15.06,14.45,14.54,14.8,1873146,27664834,1760273468,1778070428
bj430017,星昊医药,2024/12/19,14.2,14.84,13.9,14.82,14.54,2797188,40006252,1794171444,1812311124
bj430017,星昊医药,2024/12/20,14.68,15.1,14.54,14.9,14.82,1722885,25672150,1803856580,1822094180
bj430017,星昊医药,2024/12/23,14.89,15.25,14.33,14.47,14.9,2218578,32945622,1751798974,1769510254
bj430017,星昊医药,2024/12/24,14.5,14.77,14.1,14.39,14.47,1471567,21191951,1742113838,1759727198
bj430017,星昊医药,2024/12/25,14.64,14.89,14.31,14.32,14.39,2095035,30487233,1733639344,1751167024
bj430017,星昊医药,2024/12/26,14.31,14.47,14.04,14.23,14.32,2195979,31314459,1722743566,1740161086
bj430017,星昊医药,2024/12/27,14.25,14.46,14.16,14.28,14.23,1608015,22968457,1728796776,1746275496
bj430017,星昊医药,2024/12/30,14.35,14.35,13.82,13.86,14.28,1132731,15907109,1677949812,1694914452
bj430017,星昊医药,2024/12/31,13.96,14.2,13.73,13.81,13.86,1343711,18752684,1671896602,1688800042
bj430017,星昊医药,2025/1/2,13.87,13.9,13.3,13.45,13.81,1464439,19911565,1628313490,1644776290
bj430017,星昊医药,2025/1/3,13.58,13.87,13.31,13.39,13.45,1664924,22595182,1621049638,1637438998
bj430017,星昊医药,2025/1/6,14.06,15.8,14.06,15.19,13.39,9467251,141383711,1838965198,1857557758
bj430017,星昊医药,2025/1/7,14.62,14.62,13.96,14.4,15.19,5518356,78682472,1743324480,1760950080
bj430017,星昊医药,2025/1/8,14.2,15.1,14.19,14.69,14.4,4540572,66672850,1778433098,1796413658
bj430017,星昊医药,2025/1/9,14.3,14.69,14.08,14.67,14.69,3318617,47832024,1776011814,1793967894
bj430017,星昊医药,2025/1/10,14.53,14.61,13.71,13.84,14.67,3390244,47763417,1675528528,1692468688
bj430017,星昊医药,2025/1/13,13.61,13.72,13.39,13.48,13.84,1591475,21564183,1631945416,1648444936
bj430017,星昊医药,2025/1/14,13.54,14.32,13.48,14.32,13.48,3379291,47274743,1733639344,1751167024
bj430017,星昊医药,2025/1/15,14.35,14.56,14.15,14.22,14.32,2960142,42428790,1721532924,1738938204
bj430017,星昊医药,2025/1/16,14.25,14.53,14.11,14.3,14.22,2009259,28767752,1731218060,1748721260
bj430017,星昊医药,2025/1/17,14.3,14.36,14.12,14.25,14.3,1413381,20099765,1725164850,1742606850
bj430017,星昊医药,2025/1/20,14.34,14.47,14.22,14.27,14.25,1399102,20089990,1727586134,1745052614
bj430017,星昊医药,2025/1/21,14.4,14.4,14,14.09,14.27,1327924,18778021,1705794578,1723040738
bj430017,星昊医药,2025/1/22,14.02,14.13,13.8,13.8,14.09,1101286,15290304,1670685960,1687577160
bj430017,星昊医药,2025/1/23,13.98,14.23,13.87,13.87,13.8,1399591,19673771,1679160454,1696137334
bj430017,星昊医药,2025/1/24,13.9,14.04,13.8,14.02,13.87,974688,13567624,1697320084,1714480564
bj430017,星昊医药,2025/1/27,14.06,14.18,13.86,13.86,14.02,972860,13608956,1677949812,1694914452
bj430017,星昊医药,2025/2/5,13.95,14.05,13.83,13.96,13.86,1027819,14339446,1690056232,1707143272
bj430017,星昊医药,2025/2/6,13.9,14.29,13.64,14.29,13.96,2644710,37071873,1730007418,1747498378
bj430017,星昊医药,2025/2/7,14.16,14.94,14.15,14.68,14.29,4018483,58510568,1777222456,1795190776
bj430017,星昊医药,2025/2/10,14.81,15.68,14.73,15.49,14.68,5246891,80064299,1875284458,1894244218
bj430017,星昊医药,2025/2/11,15.6,15.6,15.1,15.21,15.49,3965932,60680193,1841386482,1860003522
bj430017,星昊医药,2025/2/12,15.08,15.4,15.05,15.24,15.21,2287958,34792887,1845018408,1863672168
bj430017,星昊医药,2025/2/13,15.16,15.4,14.86,14.87,15.24,2238746,33935517,1800224654,1818425534
bj430017,星昊医药,2025/2/14,14.79,15.59,14.72,15.51,14.87,5103236,77886210,1877705742,1896689982
bj430017,星昊医药,2025/2/17,15.75,15.99,15.11,15.36,15.51,4263395,66237132,1859546112,1878346752
bj430017,星昊医药,2025/2/18,15.23,15.4,14.7,14.77,15.36,2830082,42561181,1788118234,1806196714
bj430017,星昊医药,2025/2/19,14.81,14.99,14.63,14.95,14.77,2108611,31260362,1809909790,1828208590
bj430017,星昊医药,2025/2/20,14.99,15.36,14.9,15.19,14.95,2577344,39100340,1838965198,1857557758
bj430017,星昊医药,2025/2/21,15.06,15.16,14.85,15.08,15.19,3237209,48615604,1825648136,1844106056
bj430017,星昊医药,2025/2/24,15.07,15.38,14.95,15.27,15.08,2953813,44941082,1848650334,1867340814
bj430017,星昊医药,2025/2/25,15.03,15.21,14.81,14.83,15.27,2465141,36889388,1795382086,1813534006
bj430017,星昊医药,2025/2/26,14.84,15.02,14.78,14.97,14.83,2139566,31940396,1812331074,1830654354
bj430017,星昊医药,2025/2/27,14.98,15.4,14.9,15.4,14.97,3808684,57732727,1864388680,1883238280
bj430017,星昊医药,2025/2/28,15.43,15.87,15.06,15.1,15.4,4283034,66251302,1828069420,1846551820
bj430017,星昊医药,2025/3/3,15.35,15.67,15.11,15.6,15.1,3998866,61782855,1888601520,1907695920
bj430017,星昊医药,2025/3/4,15.42,16.16,15.42,16.07,15.6,4127070,65679233,1945501694,1965171374
bj430017,星昊医药,2025/3/5,16,16.5,15.76,16.33,16.07,5001890,80966623,1976978386,1996966306
bj430017,星昊医药,2025/3/6,16.49,16.49,15.8,15.97,16.33,4294325,68932440,1933395274,1952942554
bj430017,星昊医药,2025/3/7,15.94,16.16,15.72,15.93,15.97,3784335,60337432,1928552706,1948051026
bj430017,星昊医药,2025/3/10,16.48,16.96,16.12,16.65,15.93,5179630,85246625,2015718930,2036098530
bj430017,星昊医药,2025/3/11,16.36,16.65,16.17,16.44,16.65,3459196,56734071,1990295448,2010418008
bj430017,星昊医药,2025/3/12,16.45,16.83,16.38,16.49,16.44,3842754,63639328,1996348658,2016532418
bj430017,星昊医药,2025/3/13,16.51,16.98,16.28,16.71,16.49,3992910,66392411,2022982782,2043435822
bj430017,星昊医药,2025/3/14,16.81,17.79,16.72,17.64,16.71,6509557,112149533,2135572488,2157163848
bj430017,星昊医药,2025/3/17,18,18,17.4,17.53,17.64,5013313,88372945,2122255426,2143712146
bj430017,星昊医药,2025/3/18,17.63,18.6,17.42,17.61,17.53,5730182,102609365,2131940562,2153495202
bj430017,星昊医药,2025/3/19,17.39,17.45,16.63,16.74,17.61,5070375,86526156,2026614708,2047104468
bj430017,星昊医药,2025/3/20,16.63,16.83,16.08,16.14,16.74,3758293,61811655,1953976188,1973731548
bj430017,星昊医药,2025/3/21,16.25,16.48,15.7,15.91,16.14,2898863,46652470,1926131422,1945605262
bj430017,星昊医药,2025/3/24,16.66,16.66,15.66,16.13,15.91,1895279,30331139,1952765546,1972508666
bj430017,星昊医药,2025/3/25,16.08,16.72,15.98,16.65,16.13,3191771,52627391,2015718930,2036098530
bj430017,星昊医药,2025/3/26,16.54,17.25,16.54,17.01,16.65,4347293,73611361,2059302042,2080122282
bj430017,星昊医药,2025/3/27,16.8,17.55,16.48,17.41,17.01,5272889,90367414,2107727722,2129037562
bj430017,星昊医药,2025/3/28,17.52,18.5,16.6,16.7,17.41,9144441,161091566,2021772140,2042212940
bj430017,星昊医药,2025/3/31,16.41,16.61,15.89,15.9,16.7,4875746,78824385,1924920780,1944382380
bj430017,星昊医药,2025/4/1,16.1,18.4,16,17.54,15.9,10158066,176813370,2123466068,2144935028
bj430017,星昊医药,2025/4/2,17.24,18.5,17.04,18.1,17.54,9157127,163260380,2191262020,2213416420
bj430017,星昊医药,2025/4/3,17.61,20.8,17.61,18.89,18.1,12257530,235026913,2286902738,2310024098
bj430017,星昊医药,2025/4/7,17.62,18.55,16.2,16.6,18.89,10570602,183875440,2009665720,2029984120
bj430017,星昊医药,2025/4/8,16.99,17.7,16.25,17.7,16.6,8639614,146543625,2142836340,2164501140
bj430017,星昊医药,2025/4/9,17,18.65,16.63,18.59,17.7,10953668,195796391,2250583478,2273337638
bj430017,星昊医药,2025/4/10,18.35,19.65,18.22,19.65,18.59,13160684,249104474,2378911530,2402963130
bj430017,星昊医药,2025/4/11,19.09,19.98,18.5,18.53,19.65,8950146,171898646,2243319626,2266000346
bj430017,星昊医药,2025/4/14,18.55,19.45,18.29,18.85,18.53,7279758,137214255,2282060170,2305132570
bj430017,星昊医药,2025/4/15,18.67,19.06,18.2,18.68,18.85,5510102,102761173,2261479256,2284343576
bj430017,星昊医药,2025/4/16,18.46,18.99,18.02,18.48,18.68,5355490,99327253,2237266416,2259885936
bj430017,星昊医药,2025/4/17,18.4,20.11,18.2,19.95,18.48,10430243,201723669,2415230790,2439649590
bj430017,星昊医药,2025/4/18,20.25,21.96,19.42,19.54,19.95,13067748,268607117,2365594468,2389511428
bj430017,星昊医药,2025/4/21,19.07,21.23,19.05,21.2,19.54,10743708,217938277,2566561040,2592509840
bj430017,星昊医药,2025/4/22,20.98,21.8,20.28,20.86,21.2,8426589,176442334,2525399212,2550931852
bj430017,星昊医药,2025/4/23,21.18,21.8,20.02,20.16,20.86,7820499,162544601,2440654272,2465330112
bj430017,星昊医药,2025/4/24,19.08,19.42,18.33,18.46,20.16,10921915,205740500,2241374434,2257440172
bj430017,星昊医药,2025/4/25,18.55,18.66,17.52,17.52,18.46,6625772,118917102,2127241608,2142489264
bj430017,星昊医药,2025/4/28,17.29,17.55,16.9,17.06,17.52,4041941,69435643,2071389374,2086236692
bj430017,星昊医药,2025/4/29,17.13,17.66,17.13,17.18,17.06,3975272,69188129,2085959522,2100911276
bj430017,星昊医药,2025/4/30,17.24,17.62,17.22,17.39,17.18,3830245,66668381,2111457281,2126591798
bj430017,星昊医药,2025/5/6,17.61,17.95,17.5,17.94,17.39,3629773,64579830,2178237126,2193850308
bj430017,星昊医药,2025/5/7,18,18.35,17.58,17.88,17.94,4477821,80413621,2170952052,2186513016
bj430017,星昊医药,2025/5/8,17.84,17.95,17.69,17.87,17.88,2903252,51713459,2169737873,2185290134
bj430017,星昊医药,2025/5/9,17.93,18.11,17.67,17.79,17.87,3159865,56417144,2160024441,2175507078
bj430017,星昊医药,2025/5/12,17.81,17.82,17.5,17.65,17.79,4206137,74112286,2143025935,2158386730
bj430017,星昊医药,2025/5/13,17.77,17.82,17.17,17.17,17.65,4140988,72294800,2084745343,2099688394
bj430017,星昊医药,2025/5/14,17.03,17.18,16.71,16.99,17.17,4542943,76730671,2062890121,2077676518
bj430017,星昊医药,2025/5/15,16.93,17.75,16.76,17.59,16.99,6492144,113222185,2135740861,2151049438
bj430017,星昊医药,2025/5/16,17.8,18.98,17.58,18.72,17.59,10690677,194759113,2272943088,2289235104
bj430017,星昊医药,2025/5/19,18.3,18.38,17.78,17.96,18.72,6596342,118839791,2180665484,2196296072
bj430017,星昊医药,2025/5/20,18.1,18.77,18.1,18.65,17.96,7501611,139311718,2264443835,2280674930
bj430017,星昊医药,2025/5/21,18.5,19.63,18.5,18.68,18.65,8290033,158337360,2268086372,2284343576
bj430017,星昊医药,2025/5/22,18.57,19.36,18.01,18.15,18.68,7842642,146279467,2203734885,2219530830
bj430017,星昊医药,2025/5/23,18.35,19.3,18.22,18.62,18.15,8247922,155007715,2260801298,2277006284
bj430017,星昊医药,2025/5/26,18.8,18.9,17.83,18.55,18.62,6501269,118600549,2252302045,2268446110
bj430017,星昊医药,2025/5/27,18.32,19.24,18.3,18.9,18.55,6347176,119555754,2294798310,2311246980
bj430017,星昊医药,2025/5/28,18.91,18.96,18.3,18.38,18.9,4443542,82272950,2231661002,2247657116
bj430017,星昊医药,2025/5/29,18.35,19.58,18.18,19.54,18.38,9185624,175496788,2372505766,2389511428
bj430017,星昊医药,2025/5/30,19.3,20.68,19.22,19.25,19.54,12448713,248380473,2337294575,2354047850
bj430017,星昊医药,2025/6/3,19.08,20.7,18.88,20.34,19.25,9853130,196954263,2469640086,2487341988
bj430017,星昊医药,2025/6/4,19.9,20.54,19.53,20.49,20.34,10194869,204515261,2487852771,2505685218
bj430017,星昊医药,2025/6/5,20.4,20.5,19.34,19.45,20.49,7575741,149442463,2361578155,2378505490
bj430017,星昊医药,2025/6/6,19.37,20.09,19.37,19.79,19.45,4479885,88383594,2402860241,2420083478
bj430017,星昊医药,2025/6/9,19.71,25.72,19.61,25.19,19.79,29483407,713478104,3058516901,3080439758
bj430017,星昊医药,2025/6/10,23.4,24.78,22.8,23.36,25.19,22943113,545793761,2836322144,2856652352
bj430017,星昊医药,2025/6/11,23,24.38,22.5,23.9,23.36,14793269,345664001,2901887810,2922687980
bj430017,星昊医药,2025/6/12,23.6,26.62,23.35,25.5,23.9,18591721,465202894,3096156450,3118349100
bj430017,星昊医药,2025/6/13,24.9,27.68,23.5,23.54,25.5,16774257,421438223,2858177366,2878664228
bj430017,星昊医药,2025/6/16,23.38,24.47,22.77,24.23,23.54,10678573,251989851,2941955717,2963043086
bj430017,星昊医药,2025/6/17,25.45,26.35,23.18,23.28,24.23,13215947,327138477,2826608712,2846869296
bj430017,XD星昊医,2025/6/18,22.3,22.84,21.4,21.71,23.12,10929395,239931547,2635982609,2654876822
bj430017,星昊医药,2025/6/19,21.87,22.22,20.85,20.9,21.71,8305640,178870729,2537634110,2555823380
bj430017,星昊医药,2025/6/20,20.69,21.72,20.6,21.38,20.9,7702370,162943060,2595914702,2614521716
bj430017,星昊医药,2025/6/23,20.9,22.28,20.66,22.05,21.38,7277935,156741706,2677264695,2696454810
bj430017,星昊医药,2025/6/24,21.99,22.56,21.8,22.28,22.05,7429640,164663796,2705190812,2724581096
bj430017,星昊医药,2025/6/25,22.08,22.21,21.21,21.53,22.28,8464545,183010373,2614127387,2632864946
bj430017,星昊医药,2025/6/26,21.58,21.64,21.01,21.36,21.53,4882528,103655803,2593486344,2612075952
bj430017,星昊医药,2025/6/27,21.42,21.96,21.22,21.63,21.36,5191282,112451504,2626269177,2645093766
bj430017,星昊医药,2025/6/30,21.38,22.54,21.25,22.53,21.63,6275632,137515449,2735545287,2755153146
bj430017,星昊医药,2025/7/1,22.86,23.99,22.6,23.36,22.53,9991311,234414666,2836322144,2856652352
bj430017,星昊医药,2025/7/2,22.94,23.77,22.61,22.69,23.36,6283278,144789312,2754972151,2774719258
bj430017,星昊医药,2025/7/3,22.98,24.84,22.83,24.2,22.69,11025647,265795294,2938313180,2959374440
bj430017,星昊医药,2025/7/4,24,24.74,23.6,24.21,24.2,8102391,195192182,2939527359,2960597322
bj430017,星昊医药,2025/7/7,24.53,24.98,23.03,23.13,24.21,7188854,172789485,2808396027,2828526066
bj430017,星昊医药,2025/7/8,22.9,24.39,22.83,23.76,23.13,6544117,155483214,2884889304,2905567632
bj430017,星昊医药,2025/7/9,23.6,23.88,23.01,23.21,23.76,5597593,131043482,2818109459,2838309122
bj430017,星昊医药,2025/7/10,23.12,24.05,22.73,23.45,23.21,5737706,134443790,2847249755,2867658290
bj430017,星昊医药,2025/7/11,23.36,24.46,23.22,23.93,23.45,7083992,170113628,2905530347,2926356626
bj430017,星昊医药,2025/7/14,23.58,23.89,23.28,23.57,23.93,5479188,128861611,2861819903,2882332874
bj430017,星昊医药,2025/7/15,22,22,20.93,21.38,23.57,10349656,221698285,2595914702,2614521716
bj430017,星昊医药,2025/7/16,21.38,21.79,21.15,21.49,21.38,4889616,104932677,2609270671,2627973418
bj430017,星昊医药,2025/7/17,21.45,22.1,21.3,21.7,21.49,5075862,110541360,2634768430,2653653940
bj430017,星昊医药,2025/7/18,21.8,22.18,21.62,22.08,21.7,4139796,90853192,2680907232,2700123456
bj430017,星昊医药,2025/7/21,21.98,22.3,21.42,21.99,22.08,4607739,100982948,2669979621,2689117518
bj430017,星昊医药,2025/7/22,21.86,22.6,21.71,21.8,21.99,6333719,139568071,2646910220,2665882760
bj430017,星昊医药,2025/7/23,21.69,22.08,21.49,21.65,21.8,4380923,95447178,2628697535,2647539530
bj430017,星昊医药,2025/7/24,21.98,22.17,21.52,21.95,21.65,4815591,105256769,2665122905,2684225990
bj430017,星昊医药,2025/7/25,21.96,22.45,21.82,22.08,21.95,4698134,104046024,2680907232,2700123456
bj430017,星昊医药,2025/7/28,22.08,22.49,21.4,21.7,22.08,6213656,134704660,2634768430,2653653940
bj430017,星昊医药,2025/7/29,21.81,23.48,21.43,22.83,21.7,10890822,244178044,2771970657,2791839606
bj430017,星昊医药,2025/7/30,22.48,24.5,22.31,23.4,22.83,12013183,283428853,2841178860,2861543880
bj430017,星昊医药,2025/7/31,23.49,27.1,23.38,25.28,23.4,17185091,433607954,3069444512,3091445696
bj430017,星昊医药,2025/8/1,24.71,25.78,24,24.09,25.28,11783964,291602323,2924957211,2945922738
bj430017,星昊医药,2025/8/4,23.78,23.97,22.67,23.57,24.09,9402358,216893740,2861819903,2882332874
bj430017,星昊医药,2025/8/5,23.43,23.69,22.88,23.29,23.57,6182723,143267805,2827822891,2848092178
bj430017,星昊医药,2025/8/6,23.3,23.86,22.84,23.02,23.29,5901049,137101186,2795040058,2815074364
bj430017,星昊医药,2025/8/7,22.93,23.13,22.51,22.76,23.02,4611469,104934733,2763471404,2783279432
bj430017,星昊医药,2025/8/8,22.77,23.02,22.51,22.87,22.76,3642140,83065807,2776827373,2796731134
bj430017,星昊医药,2025/8/11,22.28,22.63,22.11,22.49,22.87,5506114,122626439,2730688571,2750261618
bj430017,星昊医药,2025/8/12,22.37,22.46,21.73,21.81,22.49,5251164,115420727,2648124399,2667105642
bj430017,星昊医药,2025/8/13,21.82,22.22,21.76,21.93,21.81,3946747,86687534,2662694547,2681780226
bj430017,星昊医药,2025/8/14,21.83,21.83,20.97,21.08,21.93,5723714,122153221,2559489332,2577835256
bj430017,星昊医药,2025/8/15,21.18,21.63,21,21.5,21.08,3285345,70138642,2610484850,2629196300
bj430017,星昊医药,2025/8/18,21.6,22.14,21.59,22.07,21.5,5658165,124168565,2679693053,2698900574
bj430017,星昊医药,2025/8/19,22.2,23.7,22.17,22.71,22.07,9483813,217895866,2757400509,2777165022
bj430017,星昊医药,2025/8/20,22.42,22.77,21.89,22.35,22.71,5722033,127292714,2713690065,2733141270
bj430017,星昊医药,2025/8/21,22.5,22.73,21.82,22.02,22.35,4911732,109305062,2673622158,2692786164
bj430017,星昊医药,2025/8/22,22.05,22.18,21.57,21.82,22.02,3734255,81330872,2649338578,2668328524
bj430017,星昊医药,2025/8/25,21.8,21.99,21.55,21.92,21.82,4662299,101488546,2661480368,2680557344
bj430017,星昊医药,2025/8/26,21.89,21.89,21.42,21.52,21.92,3624887,78198053,2612913208,2631642064
bj430017,星昊医药,2025/8/27,21.58,21.58,20.9,20.92,21.52,3759039,79467596,2540062468,2558269144
bj430017,星昊医药,2025/8/28,20.97,21.12,19.94,20.52,20.92,4285658,87689897,2491495308,2509353864
bj430017,星昊医药,2025/8/29,20.53,21.32,20.32,21.07,20.52,3780233,79250597,2558275153,2576612374
bj430017,星昊医药,2025/9/1,21.17,21.17,20.5,20.77,21.07,3319987,68943930,2521849783,2539925914
bj430017,星昊医药,2025/9/2,20.77,20.82,20.02,20.53,20.77,3728589,76117738,2492709487,2510576746
bj430017,星昊医药,2025/9/3,20.68,20.86,20.15,20.4,20.53,2430398,49802957,2476925160,2494679280
bj430017,星昊医药,2025/9/4,20.55,20.73,20.2,20.39,20.4,2768704,56791151,2475710981,2493456398
bj430017,星昊医药,2025/9/5,20.34,21.17,20.34,21.09,20.39,3930162,82119375,2560703511,2579058138
